{"batch_size": 49, "lr": 0.42833355406440177, "gamma": 1.0, "weight_decay": 3.231784673438518e-05}
